"",".model_id",".model_desc",".type","mae","mape","mase","smape","rmse","rsq","cod_regsaud"
"1",1,"PROPHET","Test",19.6994190564775,7.47879872923153,0.721475538692648,7.14728290690531,23.8335731713808,0.368775458580832,"11001"
"2",2,"XGBOOST","Test",14.033686319987,6.20371057508631,0.673851326429437,6.44976343503679,18.8257055143431,NA,"11002"
"3",2,"XGBOOST","Test",31.1997756958008,7.62047012348243,0.717594841003418,7.55002211793843,36.8504370892108,NA,"11003"
"4",1,"PROPHET","Test",60.5689265567213,8.82965491415532,1.28750952939426,8.28822460309263,73.606623606638,0.210187762424345,"11004"
"5",2,"XGBOOST","Test",10.7433217366536,6.66826932957435,0.753342682753152,6.97418027787368,14.957604478234,NA,"11005"
"6",2,"XGBOOST","Test",12.6398620605469,6.41137046892602,0.608194199566063,6.40168608402755,16.8300915160194,NA,"11006"
"7",1,"PROPHET","Test",4.5122509403664,7.90833832350139,0.614093323245132,8.00253005300659,5.58274694746877,0.318485680710045,"11007"
"8",1,"PROPHET","Test",9.88297604006881,8.95333849200747,0.775796753998575,8.60750921444951,11.6835000642465,0.289611665653125,"12001"
"9",1,"PROPHET","Test",40.2811020025628,6.02526556587259,0.74775249883692,5.75093746114767,51.3032778155527,0.424850974981573,"12002"
"10",2,"XGBOOST","Test",31.0670649210612,8.12498100938336,1.11299453767042,7.71821912750448,37.4037793076178,NA,"12003"
"11",1,"PROPHET","Test",171.783004752842,5.18343414994129,1.01646748374462,4.99266859055505,207.899580892847,0.391459012972974,"13001"
"12",2,"XGBOOST","Test",27.9503987630208,6.55408671014142,0.945381134631587,6.32588424638617,35.6777003492708,NA,"13002"
"13",1,"PROPHET","Test",36.6613374166107,14.1792886549045,1.57315440407098,12.8336865529773,44.2444549105374,0.00297021668596529,"13003"
"14",1,"PROPHET","Test",22.7974217343466,9.7715671950628,0.996845437053179,9.1136738869767,27.7579843238961,0.225410246153194,"13004"
"15",1,"PROPHET","Test",45.7105311131869,12.8536356168855,1.3341906289382,11.6557094888546,56.6677254663309,0.0242965692470649,"13005"
"16",1,"PROPHET","Test",20.9582397624845,10.6258727808213,1.32065620421135,9.93538630915922,25.5600464669813,0.00044711840270056,"13006"
"17",1,"PROPHET","Test",18.522120081774,8.8684557238756,0.783104341692652,8.48109071763841,21.0462590046767,0.188890397795516,"13007"
"18",2,"XGBOOST","Test",22.7799657185872,9.01130325587951,0.851933677280498,8.40001288247847,29.2645772653901,NA,"13008"
"19",1,"PROPHET","Test",52.3366824770821,10.1877080994351,1.11457749719712,9.49695932093555,62.8918166928146,0.133804272008304,"13009"
"20",2,"XGBOOST","Test",65.854970296224,7.01513974117259,1.38073319673031,6.70451323859296,77.1952314014148,NA,"14001"
"21",2,"XGBOOST","Test",12.3747329711914,10.8867574539355,0.747031124245151,10.1657883652668,15.4780886794272,NA,"14002"
"22",2,"XGBOOST","Test",53.5138905843099,9.08256521784182,1.10585757721395,8.4708862830774,66.6777270811515,NA,"15001"
"23",1,"PROPHET","Test",81.1761370379595,6.60114727612738,1.07240158062784,6.31387481695097,96.0379428038506,0.102498467880173,"15002"
"24",1,"PROPHET","Test",57.5366576752571,4.596789131292,0.777522401016987,4.52294934374335,76.186978409198,0.159440511321093,"15003"
"25",1,"PROPHET","Test",38.1736572655584,8.31247462677813,1.18168790997018,7.78781958282956,47.7652713305991,0.165446158395673,"15004"
"26",1,"PROPHET","Test",126.134036144117,6.33325281608743,1.07646858304813,6.0686934356517,156.514897598007,0.119434984617518,"15006"
"27",1,"PROPHET","Test",32.6816235380339,7.42791095494807,0.911124050151249,6.97157924632929,43.7486869046149,0.0401920870292415,"15007"
"28",1,"PROPHET","Test",89.1688480537676,8.98539687872766,1.02595472998332,8.41571104367817,111.078086264118,0.0277846374526759,"15008"
"29",1,"PROPHET","Test",51.4143157523119,8.41866152187827,1.06630231046274,7.99476415188737,64.7053008069608,0.0119561105843278,"15009"
"30",1,"PROPHET","Test",27.3253648512915,7.01067954197413,0.99759268504715,7.0019189680937,32.7088684855595,0.00017159929316877,"15010"
"31",1,"PROPHET","Test",94.5297692787274,10.5554298449855,1.45333201431199,9.85967397695934,109.520339566383,0.0135677869111194,"15011"
"32",1,"PROPHET","Test",29.5392718589422,5.7104653774452,0.80023940253907,5.5254229373129,37.1411202283002,0.0895891880490402,"15012"
"33",2,"XGBOOST","Test",29.0473276774089,9.38705442910267,1.22136843981792,8.76705673962312,36.2222708405755,NA,"15013"
"34",2,"XGBOOST","Test",59.422358194987,9.95515255469045,1.19677253807767,9.24574402403,72.1606133070485,NA,"15014"
"35",1,"PROPHET","Test",76.5084504278288,10.742021260102,2.02263719521846,10.0123385741927,88.3647348253174,0.128170885934225,"16001"
"36",2,"XGBOOST","Test",11.1338806152344,11.223971388142,0.845146053301619,10.4717494997467,13.1371032229031,NA,"16002"
"37",1,"PROPHET","Test",39.1316984328275,15.1092017686728,1.55445434189125,13.6297034331937,46.1715809093395,0.00044078619264432,"16003"
"38",2,"XGBOOST","Test",29.8175659179688,8.12258299737385,1.08341866684563,7.77338784358989,34.7435767901409,NA,"17001"
"39",1,"PROPHET","Test",20.9995657026453,8.879021833062,0.835622856679658,8.68226170575902,24.8538070549952,0.206025906568629,"17002"
"40",2,"XGBOOST","Test",9.5976193745931,10.1724150892991,0.658941031688481,9.73903872649621,11.7580862767177,NA,"17003"
"41",2,"XGBOOST","Test",15.6888020833333,9.16635232904481,0.934824994602763,8.60976075974834,18.9191475248333,NA,"17004"
"42",1,"PROPHET","Test",13.1199974129265,6.30402541407658,0.678112225836653,6.31089046178815,16.8224525408911,0.257723810740634,"17005"
"43",2,"XGBOOST","Test",28.6821085611979,5.80110968842596,0.835048730262724,5.73383638066853,33.4018278424497,NA,"17006"
"44",1,"PROPHET","Test",12.667768180021,9.0405814415861,0.882905054971157,8.47339748849478,15.2162531688109,0.597846270407427,"17007"
"45",2,"XGBOOST","Test",14.2246971130371,10.2333801259744,1.04193641273839,9.43229638861375,18.8330274852698,NA,"17008"
"46",1,"PROPHET","Test",27.7431322907614,8.6393287005136,0.97122076512559,8.01784352901424,36.2702551331142,0.0447456696600969,"21001"
"47",1,"PROPHET","Test",36.5312546195119,12.9916419087715,1.02841965269128,12.0207437224226,42.2388684357558,0.162746009635404,"21002"
"48",2,"XGBOOST","Test",23.7559458414714,7.57366796951074,0.788436874969468,7.53579295254257,29.0928508899424,NA,"21003"
"49",1,"PROPHET","Test",26.1981084433786,7.62507841637892,1.34199664632006,7.29808070760634,32.011225995983,0.12024684316362,"21004"
"50",1,"PROPHET","Test",30.7639621567908,8.88195093404374,1.22629311890154,8.49868698041975,35.8784261991029,0.186310633398242,"21005"
"51",1,"PROPHET","Test",51.0104344877091,12.0738203603142,1.33778790560697,11.0154105844912,63.7864626385274,0.0225504189006378,"21006"
"52",1,"PROPHET","Test",42.8583302466202,12.9829626960237,1.24777417173704,11.9581837557379,50.5708019964,0.00064234667875724,"21007"
"53",2,"XGBOOST","Test",72.3767700195312,10.8202755624272,1.34355585992673,10.0518519329205,84.4515453092884,NA,"21008"
"54",2,"XGBOOST","Test",44.1354777018229,11.1055800163254,1.28171210497718,10.2226706768788,53.9001036369549,NA,"21009"
"55",2,"XGBOOST","Test",23.5728607177734,9.09074883922443,0.936400339393418,9.53100315623516,29.34975535052,NA,"21010"
"56",2,"XGBOOST","Test",43.1339925130208,10.4122086451175,1.81367793016358,9.74952052855358,48.4608732965977,NA,"21011"
"57",2,"XGBOOST","Test",23.3221740722656,7.45955943230953,0.803008987518128,7.14703656062551,29.1347125230802,NA,"21012"
"58",2,"XGBOOST","Test",24.1089324951172,6.81392345199431,0.699250248912604,7.0338304348835,29.4365600747687,NA,"21013"
"59",2,"XGBOOST","Test",27.073974609375,6.24601628620508,0.770670069326269,5.99615623363196,34.3440712970726,NA,"21014"
"60",1,"PROPHET","Test",24.4194039298966,9.15341306425338,1.34687359805185,8.64322119689024,28.8208950329807,0.0631527370988958,"21015"
"61",1,"PROPHET","Test",132.421694124262,8.49131492221322,1.37008500443456,7.99701984350421,160.435196824635,0.132941974529987,"21016"
"62",2,"XGBOOST","Test",17.4451497395833,5.73438717707224,0.848284236808492,5.58867429592716,21.3653276953313,NA,"21017"
"63",1,"PROPHET","Test",60.3052028175053,22.6579668447288,3.33418188654477,20.0323793880109,64.5399231271041,0.0891041222708446,"21018"
"64",1,"PROPHET","Test",43.6535662920893,13.4004586000314,1.65136846170733,12.2237188806983,51.3336836457518,0.116658868697552,"21019"
"65",1,"PROPHET","Test",13.7964180480826,10.4387337355374,1.09043853988281,9.77553624289843,17.0437582503367,0.0955064639066578,"22001"
"66",1,"PROPHET","Test",29.7311555410045,12.8459632179807,1.02062175737777,11.6437173068504,36.451135793682,0.187778262413366,"22002"
"67",1,"PROPHET","Test",36.1189493307159,8.50392244177349,1.13025283619927,8.06525935226547,41.8673343023253,0.280383122077652,"22003"
"68",2,"XGBOOST","Test",95.719228108724,7.32213173785587,1.11357726176057,6.9498317391024,115.088611364534,NA,"22004"
"69",2,"XGBOOST","Test",19.8145548502604,6.30450199971605,0.750798618708385,6.04355157975792,24.8119476275179,NA,"22005"
"70",2,"XGBOOST","Test",18.9344151814779,11.938989848463,0.972079350834801,11.1985854053592,21.8419296978644,NA,"22006"
"71",1,"PROPHET","Test",7.2764301410707,10.4475840846013,0.685893005100927,9.94392082141015,9.1252674874336,0.0340462338867132,"22007"
"72",1,"PROPHET","Test",10.5002684036077,10.325664979269,0.904517502932499,9.74602535074962,12.8846295385396,0.203903369171757,"22008"
"73",1,"PROPHET","Test",23.2189357206131,6.38823983206472,0.686420978887021,6.14803732919251,30.0306573149074,0.247820054747839,"22009"
"74",2,"XGBOOST","Test",11.9435272216797,15.050147934209,0.771632376681553,14.1902205218917,13.9225956430577,NA,"22010"
"75",1,"PROPHET","Test",17.9332659299701,8.98729184608885,0.834949628318445,8.3304740140562,23.5312692087761,0.350426716049792,"22011"
"76",1,"PROPHET","Test",157.121943967623,5.92712521939531,0.879057336719856,5.69659071046539,206.956378334723,0.362071036987672,"23001"
"77",2,"XGBOOST","Test",42.5592854817708,6.5134658817913,0.947592997173988,6.35753657887587,50.7296739855105,NA,"23002"
"78",2,"XGBOOST","Test",44.5279134114583,7.88486957665898,1.3335182401869,7.44194731190575,54.1926808027362,NA,"23003"
"79",2,"XGBOOST","Test",16.3071619669596,13.9875588930297,1.00284685893067,12.3612218567698,21.5727610565055,NA,"23004"
"80",1,"PROPHET","Test",17.8201147517711,9.40831642276018,0.92729103911931,8.89824387673667,22.1004260919774,0.0607366044013454,"23005"
"81",2,"XGBOOST","Test",22.8457310994466,6.37263320600214,0.745321723811734,6.1571998042341,28.8762370245291,NA,"23006"
"82",1,"PROPHET","Test",15.4849817993256,15.3552632693584,1.15634604345613,13.760056429513,18.6604015590326,0.224024077219754,"23007"
"83",2,"XGBOOST","Test",26.3359985351562,8.52834383717072,1.34606214735243,7.98644451489974,32.7847149258171,NA,"23008"
"84",1,"PROPHET","Test",17.8615775472976,10.1291067444445,1.05608299122839,9.53358114759597,22.4806099229313,0.17649231012372,"23009"
"85",2,"XGBOOST","Test",14.1666666666667,6.96489011663945,0.90258541089566,7.07689816114625,19.019094832703,NA,"23010"
"86",2,"XGBOOST","Test",55.6391092936198,8.66317212643599,1.23523119088152,8.15591134052437,65.8426238644269,NA,"23011"
"87",2,"XGBOOST","Test",22.6366577148438,7.62254657080677,1.55415858937733,7.28548667169495,25.1854254632708,NA,"23012"
"88",2,"XGBOOST","Test",44.9602254231771,11.623879426878,1.5573572059233,10.7931594284403,50.8541452816299,NA,"23013"
"89",2,"XGBOOST","Test",15.4117393493652,23.3164944060824,0.981911371289198,15.3844703666026,22.9347971030141,NA,"23014"
"90",2,"XGBOOST","Test",22.8315556844076,8.16439373296723,1.06516385545918,7.91615399264856,25.9963872207699,NA,"23015"
"91",2,"XGBOOST","Test",18.0183982849121,10.1597843105669,0.780457929478302,9.76439971719845,20.9813739844404,NA,"23016"
"92",2,"XGBOOST","Test",13.5635528564453,10.2637737314467,0.954011362991566,9.66273585793634,16.1828484640507,NA,"23017"
"93",2,"XGBOOST","Test",19.8631413777669,7.81184924706623,1.11973591100157,7.42018996698358,24.6325383748986,NA,"23018"
"94",2,"XGBOOST","Test",16.787171681722,7.27900110743623,0.780009997332538,7.29014903639791,21.0346616128001,NA,"23019"
"95",2,"XGBOOST","Test",29.1338500976562,7.86732533475056,0.821174696380017,7.54180055869697,33.0742392353129,NA,"23020"
"96",2,"XGBOOST","Test",38.220085144043,7.09757058271329,1.07860362983189,7.45975215018394,48.5520839192187,NA,"23021"
"97",2,"XGBOOST","Test",30.1478093465169,8.79247236893756,1.14422378707903,8.96520153971559,34.625173171659,NA,"23022"
"98",2,"XGBOOST","Test",28.7456258138021,7.15039442489119,0.887448850627447,7.02964512396486,34.5653511958608,NA,"24001"
"99",1,"PROPHET","Test",35.3074397781939,8.07585060179356,1.30768295474792,7.60796234871933,43.4161708892164,0.381446182157926,"24002"
"100",2,"XGBOOST","Test",23.7815475463867,6.67645928389381,0.707601026606591,6.58700243829036,28.6459895095054,NA,"24003"
"101",1,"PROPHET","Test",20.5917413579467,8.45255644800882,0.994979099228516,8.13080918120758,24.8948031370181,0.253552942965808,"24004"
"102",2,"XGBOOST","Test",14.6508725484212,8.22841662591918,0.755538270434278,7.83898010356891,18.5389290987217,NA,"24005"
"103",1,"PROPHET","Test",22.8308029132937,10.7312363242568,0.893041610554006,9.98066810960403,27.1657224429475,0.336942432861124,"24006"
"104",2,"XGBOOST","Test",71.7829081217448,5.7375002426398,0.928053337155779,5.52283278765983,90.9907000025079,NA,"24007"
"105",2,"XGBOOST","Test",11.7227834065755,8.22619933945149,0.763807417425601,8.58420759617401,14.3199462786133,NA,"24008"
"106",2,"XGBOOST","Test",92.1666158040365,6.34818100271959,1.05046192442658,6.27551019423887,107.674685800355,NA,"25001"
"107",2,"XGBOOST","Test",20.0784301757812,6.63354245598272,0.75581652052859,6.57629106758953,25.567497147672,NA,"25002"
"108",2,"XGBOOST","Test",15.2083333333333,7.42506412350031,0.90385443583118,7.44257766399161,18.6658503766911,NA,"25003"
"109",2,"XGBOOST","Test",9.61586634318034,10.0413677137455,1.00074627100972,9.30885103112866,12.1287525357905,NA,"25004"
"110",2,"XGBOOST","Test",12.2337061564128,11.2966336496415,0.801638864950124,10.6522911429326,15.0709666115577,NA,"25005"
"111",2,"XGBOOST","Test",18.0429929097493,7.2860024224999,0.873660709314179,7.35869054827187,22.5623737079077,NA,"25006"
"112",1,"PROPHET","Test",13.8832690724005,10.5532137945713,1.00730343427512,9.66601940957286,18.2851092633463,0.221415711281473,"25007"
"113",1,"PROPHET","Test",10.1503453063107,9.66915007901167,0.810617854323423,9.14814498023456,12.8461571896299,0.0948776862903687,"25008"
"114",2,"XGBOOST","Test",14.875,8.86470169588633,0.68976814516129,8.84814296458684,18.9165343489279,NA,"25009"
"115",1,"PROPHET","Test",11.6189032853387,10.4268250637894,0.683464899137568,9.99665140003684,14.6102186778458,0.19899504798211,"25010"
"116",1,"PROPHET","Test",8.78180817058636,11.9695897250455,0.782874371796459,11.3978312582639,11.1000168079275,0.105416713976535,"25011"
"117",2,"XGBOOST","Test",25.2990417480469,14.5220751664629,1.53125779001336,13.0268249159574,31.2266906933107,NA,"25012"
"118",2,"XGBOOST","Test",9.18938541412354,19.2759824351609,0.842055237150762,17.5027521046194,10.3140996334376,NA,"25013"
"119",2,"XGBOOST","Test",16.8009033203125,8.65986163517222,0.975810041331282,8.89157551001127,19.720332886208,NA,"25014"
"120",2,"XGBOOST","Test",12.2649586995443,7.82192716245461,0.617273632581003,7.47627845979389,15.639800536311,NA,"25015"
"121",2,"XGBOOST","Test",43.8748118082682,7.42894608645155,1.05336187013588,7.02226199642513,54.4523936268958,NA,"25016"
"122",1,"PROPHET","Test",11.9619916087749,6.31843257171566,0.558064517245076,6.02649369469528,15.5700889866134,0.434578778582824,"26001"
"123",2,"XGBOOST","Test",37.3029123942057,8.17818230038795,0.8469565499178,7.92590305357428,42.942784802875,NA,"26002"
"124",1,"PROPHET","Test",96.7203365358229,6.4194832436266,1.01950858859942,6.16116449042859,110.546155348953,0.650542171275085,"26003"
"125",1,"PROPHET","Test",26.8148121973456,4.35924258051168,0.700841682430624,4.28562923104381,35.609876931114,0.459467842709896,"26004"
"126",2,"XGBOOST","Test",15.9131291707357,4.97869203761088,0.753090475158273,5.03749965852663,20.3643952572619,NA,"26005"
"127",2,"XGBOOST","Test",39.9447530110677,7.11409977102246,0.82992711766446,7.08649036603658,46.2995715568336,NA,"26006"
"128",1,"PROPHET","Test",40.9366323115753,10.001328287234,1.23562013538876,9.31516933027488,48.884849552066,0.288156775003704,"26007"
"129",1,"PROPHET","Test",42.1492609475415,7.6389661507333,1.35774930223173,7.69023649099577,48.5198779409874,0.277077176779756,"26008"
"130",2,"XGBOOST","Test",45.2464243570964,6.90654579539526,1.13983325324558,6.6539730333901,53.1534175009159,NA,"26009"
"131",2,"XGBOOST","Test",269.527750651042,7.2213223551947,1.2523511646412,6.8683579615617,331.306632295989,NA,"26010"
"132",1,"PROPHET","Test",13.8190545861761,8.73362449370164,0.747854718781297,8.1468070290131,17.971759831465,0.444173861376102,"26011"
"133",1,"PROPHET","Test",18.4863748372576,6.74919496357481,0.794741348143787,6.38490817181701,24.9373995174972,0.363101761851122,"26012"
"134",2,"XGBOOST","Test",94.2870890299479,6.87749956382701,1.01383966698869,6.58973721047289,117.637130241808,NA,"27001"
"135",2,"XGBOOST","Test",18.2209726969401,8.63953364506161,1.00258940676943,8.96700457638797,21.9292844429833,NA,"27002"
"136",2,"XGBOOST","Test",36.5091247558594,16.0788681398564,1.5021643459477,14.2861751694233,44.273587673001,NA,"27003"
"137",1,"PROPHET","Test",13.3365918794516,9.2126166258332,0.852060036742739,9.16246430541721,15.7076614489912,0.0975610935128849,"27004"
"138",1,"PROPHET","Test",17.7614177682215,8.01757939619467,0.840560923187438,7.87479473422632,21.6602974957939,0.33788526378329,"27005"
"139",1,"PROPHET","Test",19.1216361610317,8.73373307524843,0.8849046915568,8.34979896923843,23.0611296505993,0.351511130232768,"27006"
"140",1,"PROPHET","Test",27.7624101657492,4.27588780410101,0.73310612377983,4.29891881099951,33.8363853212179,0.657677508897439,"27007"
"141",1,"PROPHET","Test",14.8903786762398,8.51674986719113,0.741295908124494,8.08439187523087,18.057383203102,0.489017368074319,"27008"
"142",1,"PROPHET","Test",21.6036113200263,7.15447729973461,0.874794120353176,6.93428194855219,25.6509553073675,0.426364939851752,"27009"
"143",2,"XGBOOST","Test",16.0299784342448,8.5087403927549,0.77947041012184,8.34037991385899,18.0199502420327,NA,"27010"
"144",1,"PROPHET","Test",70.6337069862266,8.75298970328181,0.935276488591371,8.23902898239772,83.7798739039288,0.643094606625903,"28001"
"145",1,"PROPHET","Test",28.9766761163564,11.6692255961453,0.878081094435042,10.7826109802209,34.7361629041168,0.458674169304302,"28002"
"146",1,"PROPHET","Test",19.7373174050893,8.00793909934088,0.770727165224199,7.54063267297584,25.226114738198,0.488600094307225,"28003"
"147",2,"XGBOOST","Test",22.8781967163086,8.83887843178256,0.894895449787581,8.61138328850046,27.6384769036989,NA,"28004"
"148",2,"XGBOOST","Test",14.6589813232422,6.84494461969313,0.721962677590086,6.68369432027966,18.7768016659416,NA,"28005"
"149",2,"XGBOOST","Test",40.2482884724935,10.3151959406072,1.00293676583678,10.4988460042531,48.8457650653589,NA,"28006"
"150",2,"XGBOOST","Test",12.6358795166016,7.52004377504496,0.816363002477067,7.54081280596395,16.9520897058676,NA,"28007"
"151",1,"PROPHET","Test",42.5483974726195,9.16968377174174,0.795620440544917,8.66970450906604,49.7490603739648,0.660733527350499,"29001"
"152",1,"PROPHET","Test",36.2922859863088,6.17794798099935,0.917277557895718,5.89822706793451,46.2515617284323,0.389271962328224,"29002"
"153",1,"PROPHET","Test",23.6472443641473,6.43992906867921,0.838037935863463,6.20138830300581,31.2701496780992,0.199452526263074,"29003"
"154",2,"XGBOOST","Test",51.7864786783854,8.73308163911327,1.53490851752946,8.36508024320834,59.8934882274351,NA,"29004"
"155",1,"PROPHET","Test",18.9670533815782,8.64592760528011,0.656991306892015,8.33713565296717,23.1105335518165,0.52098126909482,"29005"
"156",1,"PROPHET","Test",66.9190838184075,5.97635702236306,0.868588559719736,5.83087730015744,78.1572983007632,0.709597207715607,"29006"
"157",2,"XGBOOST","Test",26.6500473022461,6.23929466113406,0.858474913097563,6.11748461620346,32.747709084639,NA,"29007"
"158",2,"XGBOOST","Test",15.8333333333333,7.75407970050907,0.786537077033837,7.57068894675844,18.6975804331236,NA,"29008"
"159",1,"PROPHET","Test",29.4854310956495,10.1342319788007,1.11540282105253,9.53182571348252,35.0275971736589,0.452162199929384,"29009"
"160",2,"XGBOOST","Test",46.1462758382161,10.8452501453529,1.24136180617424,10.0451188131202,54.8670495201265,NA,"29010"
"161",2,"XGBOOST","Test",24.1868616739909,10.8604574467112,1.21728187855972,10.0648618032631,28.9543945312163,NA,"29011"
"162",1,"PROPHET","Test",35.1694998703125,8.40194905582798,1.20731118957789,8.06222514583585,41.7581449433505,0.607826233352044,"29012"
"163",1,"PROPHET","Test",28.8859201439775,15.2925274854184,1.35310827558347,13.8219299581379,33.6722964969583,0.502515126858063,"29013"
"164",2,"XGBOOST","Test",54.6107482910156,16.4249407709063,2.9623754969183,14.8147668088556,61.3928646416232,NA,"29014"
"165",1,"PROPHET","Test",52.3120565662459,11.4538338652018,0.987830296406943,10.5821686727656,61.1719297228206,0.624427004075171,"29015"
"166",2,"XGBOOST","Test",43.5615641276042,6.51718903802649,1.09618815638391,6.41068915273067,52.0342589058693,NA,"29016"
"167",2,"XGBOOST","Test",27.3406651814779,11.1307400684939,1.26526217137624,10.2468857991187,34.108750980583,NA,"29017"
"168",2,"XGBOOST","Test",36.6963653564453,7.53309009291881,1.05107895790566,7.4760591625077,44.8613679988989,NA,"29018"
"169",1,"PROPHET","Test",18.8342401070418,6.72167812190127,0.713653249525471,6.43029858079471,23.9059468900758,0.773527524899132,"29019"
"170",1,"PROPHET","Test",168.738184652218,6.36811982140515,1.17108577157544,6.16464726732345,199.887163303227,0.708273567277715,"29020"
"171",1,"PROPHET","Test",20.3368770143428,6.07858137185818,0.954588104754867,5.88622050623136,25.3167845253971,0.286620621721717,"29021"
"172",1,"PROPHET","Test",34.807055550405,8.59471301815859,0.939627086454594,8.15315788357953,40.7361551564744,0.575146684625293,"29022"
"173",1,"PROPHET","Test",13.0328101172486,6.80668052890579,0.681260528856179,6.68572145612673,16.8273161965993,0.346711112236986,"29023"
"174",2,"XGBOOST","Test",21.5416666666667,6.75439502067289,0.867702860478692,6.67435922476587,26.9716798674915,NA,"29024"
"175",1,"PROPHET","Test",48.0182661386055,8.19582723888973,0.813269603231169,7.78862759046441,59.6065303451654,0.595039847217734,"29025"
"176",1,"PROPHET","Test",38.6835163755114,7.7789436274196,1.12338494524844,7.48025924449174,47.1581836768826,0.530994652288551,"29026"
"177",2,"XGBOOST","Test",35.6930948893229,13.0570269845816,1.26493248452146,11.7622788826376,45.0641977342479,NA,"29027"
"178",2,"XGBOOST","Test",49.9918619791667,7.29069576163486,1.10985793969192,7.11081059919335,55.0738982730106,NA,"29028"
"179",1,"PROPHET","Test",19.3510919347544,7.61858820526142,0.749284704544363,7.26291014366834,23.1359568113436,0.464598502323698,"31001"
"180",1,"PROPHET","Test",12.9314461941469,9.88576411922629,0.662412611281468,9.9727562149793,15.3859631953472,0.21266470636348,"31002"
"181",1,"PROPHET","Test",10.0013462435266,6.01069732734919,0.583834932997747,5.69164582164582,13.5160043987554,0.517101029463241,"31003"
"182",2,"XGBOOST","Test",18.6769905090332,10.6020028394541,0.792566017911003,10.8033236677241,22.7658938540383,NA,"31004"
"183",2,"XGBOOST","Test",11.6496747334798,5.66741368106413,0.832119623819987,5.82028583619471,15.1560884537226,NA,"31006"
"184",1,"PROPHET","Test",30.0820228769036,5.58406170420666,0.765361201514141,5.41107027561536,36.9631068544155,0.397308330589796,"31007"
"185",2,"XGBOOST","Test",18.808110555013,9.14802261333532,1.12946878006606,8.60719441669302,22.8420707694574,NA,"31008"
"186",2,"XGBOOST","Test",12.068744023641,9.97412330768161,0.779722226246466,10.1383989041705,14.7378092986659,NA,"31009"
"187",2,"XGBOOST","Test",11.6201012929281,10.4491245795951,0.921594240473605,9.92111156590687,14.8507178172381,NA,"31010"
"188",2,"XGBOOST","Test",9.48240089416504,8.58310897150075,0.838827771406907,7.9775441155907,12.7466047559277,NA,"31011"
"189",2,"XGBOOST","Test",15.0142873128255,7.41559229339832,0.614463715649443,7.40603790060469,19.3405164981277,NA,"31012"
"190",1,"PROPHET","Test",14.8333548185911,8.75433638515648,0.919588034575731,8.19143530465388,18.1798469369138,0.382835821030354,"31013"
"191",2,"XGBOOST","Test",15.1721038818359,7.87561185861577,0.728514382635129,7.78594723726809,18.0282152283752,NA,"31015"
"192",1,"PROPHET","Test",93.7205559778857,3.29798715577502,0.69714514472554,3.23954468918642,118.354552619941,0.780153312242031,"31016"
"193",1,"PROPHET","Test",24.8457674253509,3.33862918191863,0.478203055048595,3.29525058575151,32.6531928475184,0.736674085135141,"31017"
"194",1,"PROPHET","Test",48.5734187809177,6.25822635778938,0.972313865936561,6.00020730169427,56.9225698565204,0.735353847403189,"31018"
"195",1,"PROPHET","Test",10.2861952224999,6.25118725416355,0.773145392540839,6.11435301236821,12.6001742122386,0.43787415574667,"31019"
"196",1,"PROPHET","Test",8.56695119266003,10.3966363744812,0.693802385321059,9.93288944118895,10.0552812352349,0.163811256615504,"31020"
"197",1,"PROPHET","Test",17.7006148510736,7.8437764703275,0.729595235796939,8.22610515023069,22.0792867170841,0.477606594967006,"31021"
"198",1,"PROPHET","Test",14.1047842189809,7.71289730089894,0.627485564867621,7.39834211449556,17.354278997903,0.431864159092803,"31022"
"199",1,"PROPHET","Test",7.93360151644884,6.71380141075785,0.881511279605427,6.60597863105021,9.77455741315351,0.367097213974254,"31023"
"200",1,"PROPHET","Test",22.7883032034746,5.83313445175242,0.798980142804749,5.7856977514326,27.9276279103274,0.445065827912701,"31024"
"201",1,"PROPHET","Test",16.8486342577947,4.80336869818391,0.578385952133249,4.92641214747771,22.8349464252183,0.442016877204047,"31025"
"202",1,"PROPHET","Test",9.84881961185908,7.6411981716509,0.70130913644817,7.35636684252929,12.6639354878667,0.154055482750746,"31026"
"203",2,"XGBOOST","Test",10.7630831400553,10.7817936235135,0.747887952330129,10.0082251783677,13.2131200075356,NA,"31027"
"204",1,"PROPHET","Test",9.40000469793005,10.4844193435382,0.573475087672125,9.80892100472534,11.7718769185352,0.480774749187465,"31028"
"205",1,"PROPHET","Test",9.58024953902795,10.3038143518262,0.941648458964286,9.77523409521514,11.3751556131447,0.149322763145076,"31030"
"206",1,"PROPHET","Test",11.6733223342713,11.165494144673,0.846960295546501,10.4001642043208,14.354372972845,0.119621301654917,"31031"
"207",1,"PROPHET","Test",17.2564607954717,6.04523583814853,0.811653575247135,5.81780273520949,22.5767934630335,0.391933091001759,"31032"
"208",1,"PROPHET","Test",16.0862952398272,8.41028709511528,0.922655337945199,8.04659776815507,18.7008767409681,0.544607476474904,"31034"
"209",1,"PROPHET","Test",10.2719925083978,5.08281684826813,0.718102819736018,5.08520462029299,11.8672494368372,0.6411119645284,"31035"
"210",2,"XGBOOST","Test",31.5634969075521,7.81836181857329,1.09166981785518,7.75990557068313,37.749451474074,NA,"31036"
"211",1,"PROPHET","Test",25.2082962983874,6.66851426738275,0.682106841015188,6.38404963657767,30.1125191489915,0.675200937500795,"31037"
"212",1,"PROPHET","Test",8.20845745939292,15.2960697817996,0.696658751166189,13.3266695191184,10.5714441312751,0.209666573777775,"31038"
"213",1,"PROPHET","Test",7.62743015852471,8.54523558289839,0.628784565039671,8.5132874770222,9.091263374768,0.355468690580707,"31040"
"214",2,"XGBOOST","Test",7.625,16.4505389719205,0.724690082644628,15.7127069148096,10.1041502604263,NA,"31041"
"215",1,"PROPHET","Test",11.5364013557343,8.30149911721759,0.690982372869501,8.28443309568249,14.0815144759663,0.181671529551868,"31042"
"216",2,"XGBOOST","Test",14.8846906026204,12.3048139190519,0.927772042981762,11.6843369642641,18.5379935283129,NA,"31044"
"217",1,"PROPHET","Test",12.2780449978114,8.47904633890675,0.804544259115846,8.31503803359893,14.447112285715,0.348396487565481,"31045"
"218",1,"PROPHET","Test",4.64858281955699,13.0959582145723,0.655934999078594,12.5076586792845,6.03807884411621,0.0230408625983821,"31046"
"219",1,"PROPHET","Test",8.3570181692603,14.3784518242183,0.739274684203796,13.2392658043768,10.2565620618896,0.214570889572454,"31047"
"220",1,"PROPHET","Test",13.8345746376491,5.07425881740116,0.656072611682328,4.98266855053131,17.0677292879499,0.653185815771965,"31048"
"221",2,"XGBOOST","Test",22.4289868672689,10.1337861959717,0.865548150918094,10.1210996962812,26.0034045494643,NA,"31049"
"222",1,"PROPHET","Test",5.57938674893665,15.8153969153524,0.750443831728321,15.5159433028552,7.15759992211004,0.0198310505237339,"31050"
"223",1,"PROPHET","Test",7.13266500210798,13.6348012992961,0.804173014943547,12.3087668470655,9.06771230272635,0.0987697510856366,"31051"
"224",1,"PROPHET","Test",16.8316925669322,5.81192363231021,0.591036532884643,5.73273225304759,20.4516369142534,0.428464231299126,"31052"
"225",1,"PROPHET","Test",11.3210484166328,9.83329454108728,0.897876253732943,9.5392892257109,14.4676715570459,0.281900956432261,"31053"
"226",1,"PROPHET","Test",12.3058668932761,7.82805493042395,0.627571925821173,8.12474837395722,16.0654166531205,0.543763998519613,"31055"
"227",1,"PROPHET","Test",18.5806747148574,7.66105153391992,0.715838389349616,7.37820738099537,23.1932656148851,0.376948149559805,"31057"
"228",2,"XGBOOST","Test",23.7207743326823,7.54483817106621,0.735280066916028,7.59002765477592,31.5880992856921,NA,"31058"
"229",1,"PROPHET","Test",21.7479323037584,5.54808710048845,0.580955218335009,5.39572864797931,26.6777450687366,0.654064003818964,"31059"
"230",1,"PROPHET","Test",10.8905715058426,6.09757479175635,0.662653821784076,5.97127655858193,12.3781235190423,0.677427511751894,"31060"
"231",1,"PROPHET","Test",11.215597924437,9.50412247449704,0.938031826407455,9.0454266073384,13.2129109036869,0.317877820962599,"31061"
"232",1,"PROPHET","Test",7.67694480082346,15.8850275183582,0.975523372480329,13.7059703121193,9.92338725672985,0.257355241541376,"31062"
"233",1,"PROPHET","Test",8.132203183102,14.4877707382549,0.772895343848537,13.3731185594124,9.94931029493231,0.0211854163148773,"31064"
"234",1,"PROPHET","Test",6.94711697510652,10.0520061860877,0.688722803566595,10.1538336460242,9.20739349130588,0.153670356065143,"31065"
"235",1,"PROPHET","Test",6.84692782581701,11.2051486163166,0.865271098866985,11.2657910942379,8.21681290820164,0.300519613122985,"31066"
"236",1,"PROPHET","Test",6.88052717195658,12.1904267989457,1.49294457504718,11.2785948945405,8.03615230240261,0.110158786278466,"31067"
"237",1,"PROPHET","Test",7.78126675566899,16.8264833661725,0.873020172587253,15.4363283058445,9.81696323237085,0.00115479778610079,"31068"
"238",1,"PROPHET","Test",19.4748318284517,9.82055408476727,0.897637539187153,9.52676446996417,22.7687577875121,0.320049285802756,"31070"
"239",1,"PROPHET","Test",11.2307514985907,7.52924019322306,0.584405620967391,7.19322632993853,16.4282871244667,0.212412086143719,"31071"
"240",2,"XGBOOST","Test",29.2629369099935,8.09850116307234,0.791820645799824,7.83413384017173,40.9945098269701,NA,"31072"
"241",2,"XGBOOST","Test",13.5260162353516,8.46260888369451,0.840806414629962,8.71089483328538,16.7751048207665,NA,"31073"
"242",2,"XGBOOST","Test",15.8486150105794,7.902961916255,1.05048456842457,8.39910845383604,21.2429992698993,NA,"31074"
"243",1,"PROPHET","Test",38.2243934212357,4.31953006703067,0.686844569287829,4.2674322715466,44.414943690388,0.481711410802881,"31075"
"244",2,"XGBOOST","Test",9.14486185709635,14.023789173074,0.685119943691258,13.2322920868396,10.7735644757166,NA,"31076"
"245",1,"PROPHET","Test",8.71085329747227,11.4167576962888,1.02219196858093,10.8380164578196,9.50300891778143,0.265785871223277,"31077"
"246",1,"PROPHET","Test",10.9100329528295,8.87175560277457,0.570297177079722,8.57868568217741,13.0909834711053,0.280163250633875,"31078"
"247",2,"XGBOOST","Test",13.626838684082,8.57204598246723,0.771963767817455,8.25418450830074,16.4255947173036,NA,"31079"
"248",1,"PROPHET","Test",9.19640389613428,19.5513597291477,1.12509196601643,17.6567355870927,10.2749613802962,0.171086789259072,"31080"
"249",1,"PROPHET","Test",5.07430837239426,14.1967168102341,0.634288546549282,14.0536255963019,6.41956113584193,0.227937704798951,"31081"
"250",2,"XGBOOST","Test",8.54785919189453,7.22456181587005,0.815770794247196,7.4321359140656,10.8673620722135,NA,"31082"
"251",1,"PROPHET","Test",4.89228574856449,6.586592682048,0.872268001682041,6.56333130568874,6.4124454367011,0.332695551868563,"31083"
"252",2,"XGBOOST","Test",37.3581186930339,7.50471166176278,0.852417390813272,7.68060845587661,46.8363371440279,NA,"31084"
"253",1,"PROPHET","Test",11.4699710120672,8.96770249082617,0.634157051147944,8.65432108495253,13.991452466829,0.286455564174232,"31085"
"254",2,"XGBOOST","Test",25.8658142089844,7.54261697309134,0.939832111858832,7.90231089613401,35.4062985289848,NA,"31086"
"255",2,"XGBOOST","Test",11.8562431335449,9.04372439802669,0.735023159222462,9.2632761269152,14.8831970077853,NA,"31087"
"256",1,"PROPHET","Test",9.96771718059832,11.4970862852479,0.885164073952747,11.5236029233746,11.3878652796268,0.306540886881465,"31088"
"257",1,"PROPHET","Test",8.65331023779389,11.4486306753093,0.667872937816307,10.7926521444182,11.2500995892637,0.168767887148821,"31089"
"258",1,"PROPHET","Test",7.82236934971604,15.8674256497838,0.562232797010841,15.2155441057579,9.68227001730134,0.109712496725542,"31090"
"259",2,"XGBOOST","Test",6.37240282694499,15.1948511126795,0.621039258558198,14.6507994238775,7.59546736193913,NA,"31091"
"260",2,"XGBOOST","Test",14.3671760559082,7.61682808645114,0.832355287873775,7.42214723409355,18.2438323957008,NA,"31092"
"261",1,"PROPHET","Test",7.07740510203905,11.1325884042606,0.626078143641916,10.4155295802322,9.83876301686527,0.216173913667204,"31093"
"262",1,"PROPHET","Test",18.4541170935942,14.2996027693083,0.947421190072916,13.1351715190148,21.7434305640116,0.36774730327652,"31094"
"263",2,"XGBOOST","Test",7.51699701944987,13.1000063704421,0.785867870215214,12.947362971395,9.14317972364767,NA,"31095"
"264",1,"PROPHET","Test",7.20685687231466,17.7771367528527,0.804649068268142,17.5592888428024,8.49973099812498,0.130213991965128,"31096"
"265",1,"PROPHET","Test",30.7397061312715,6.42465794709151,1.06477897743862,6.16620293332543,35.9442106461098,0.653206375696627,"31097"
"266",1,"PROPHET","Test",6.35564733135808,10.0351199287342,0.919370368687017,10.3917225601665,7.86370665340581,0.126942727038242,"31098"
"267",2,"XGBOOST","Test",24.1541748046875,9.99895591716994,0.995602187289987,9.38014695107581,28.957836510521,NA,"31099"
"268",1,"PROPHET","Test",93.9291987520356,3.7088773812922,0.723985111024403,3.66380348911412,107.003810559151,0.719369545158877,"32002"
"269",1,"PROPHET","Test",34.7469695335729,4.99913033990773,0.65079828930959,4.86653131117097,43.4335835713502,0.583054932199142,"32004"
"270",1,"PROPHET","Test",40.0989086446792,3.79363967600638,0.753492564401651,3.72788766671934,49.9908949584384,0.715437102760066,"32005"
"271",1,"PROPHET","Test",19.2097253517305,7.52644655088645,0.73760214205309,7.44033147205381,23.764822640255,0.335472024786701,"33001"
"272",1,"PROPHET","Test",48.5476542795093,5.79475050531063,0.854319853426713,5.57099078435949,58.0244018456504,0.666219203391485,"33002"
"273",1,"PROPHET","Test",26.442650419875,9.2884998666031,0.721448350720197,8.70744279334048,31.7606414933296,0.566676636608969,"33003"
"274",1,"PROPHET","Test",47.9737596696683,6.4331143622206,0.833381021451942,6.14243291385293,57.2237399464633,0.783712533257007,"33004"
"275",1,"PROPHET","Test",352.270806589263,4.02172570423874,0.731974753957273,3.98541828938796,413.553481357276,0.813907360995453,"33005"
"276",1,"PROPHET","Test",73.3215608332044,4.44890497199624,0.810377654571697,4.32800200496786,88.2077943151101,0.761787009197462,"33006"
"277",1,"PROPHET","Test",24.2197759567641,7.8283579124421,0.928424745009292,7.49666641704217,27.2732910764837,0.673810460203157,"33007"
"278",2,"XGBOOST","Test",76.0604248046875,8.46089062405706,1.24423170021893,7.93217004922667,100.154651040586,NA,"33008"
"279",1,"PROPHET","Test",49.2144480543746,6.09829418298719,0.821431281023668,5.84878926159954,58.8662316195564,0.636005542205012,"33009"
"280",1,"PROPHET","Test",106.361558135124,3.40662770458891,0.496613040419781,3.34215511923462,138.747410592864,0.737044533014795,"35011"
"281",1,"PROPHET","Test",30.2769459395771,4.77494781273406,0.874836377651098,4.63997091897543,36.3246961580516,0.712092418921139,"35012"
"282",1,"PROPHET","Test",41.5773279467004,3.44687867820199,0.526585100646537,3.42385920010327,52.1689679278293,0.73527883545526,"35013"
"283",1,"PROPHET","Test",70.4613976983237,3.28731209314902,0.49258727874208,3.31622090392616,96.6176319029671,0.700663988569737,"35014"
"284",1,"PROPHET","Test",75.4945368831292,3.41242492695341,0.556530239843581,3.41623794972041,93.8804961746221,0.766997131495428,"35015"
"285",1,"PROPHET","Test",375.009521225389,3.50447900639956,0.623299536651536,3.54305159263162,470.501776391623,0.748737263715733,"35016"
"286",1,"PROPHET","Test",18.1707346129064,7.61632578964871,0.854656229236907,7.24790605187872,20.8714226700275,0.792134354939731,"35021"
"287",2,"XGBOOST","Test",13.6809768676758,10.0398937385776,0.986402720866906,9.50565116524705,16.7791220359717,NA,"35022"
"288",1,"PROPHET","Test",16.9005859060475,7.57516957474196,0.607364805998582,7.48279933306603,19.3256381798006,0.554063311257764,"35023"
"289",1,"PROPHET","Test",20.5374396715709,7.64958098008236,0.64442170865775,7.44604986907945,24.7333161989567,0.353321166165126,"35031"
"290",1,"PROPHET","Test",13.4214339794435,12.1993300695254,1.07185063030278,11.0133691879017,17.0065538230002,0.642783043239949,"35032"
"291",1,"PROPHET","Test",9.50588675677668,7.77454835507494,0.73122205821359,7.50239737615184,10.8863222938665,0.763783668558757,"35033"
"292",2,"XGBOOST","Test",24.6778564453125,7.4449636817682,0.842122697688706,7.25218264052324,32.1259339238729,NA,"35034"
"293",1,"PROPHET","Test",83.5413624663978,5.0758338983895,0.782668568931629,5.02965154934652,103.276544414339,0.749565496956124,"35041"
"294",1,"PROPHET","Test",17.9452760514519,7.13068138708765,0.58050822669957,6.86740572259483,21.3734236069966,0.56266063916325,"35051"
"295",2,"XGBOOST","Test",13.7828954060872,10.9494590782411,0.778885981179377,11.1920880358653,16.9053245844216,NA,"35052"
"296",1,"PROPHET","Test",23.2559461027512,8.83350023481666,0.6491344179166,8.14929853216947,32.5640750112888,0.326229835137274,"35061"
"297",1,"PROPHET","Test",23.3809353499025,3.81588834900548,0.541007558398147,3.88063480179993,31.6469222018746,0.70121614868744,"35062"
"298",1,"PROPHET","Test",19.4737228767285,7.07555302057539,0.71320959580375,6.86780991470968,23.6293113533781,0.426258497682788,"35063"
"299",1,"PROPHET","Test",14.7493495635065,5.0524514253432,0.625894907676474,5.0267629267176,17.7775769283721,0.682377215706366,"35064"
"300",1,"PROPHET","Test",11.4960102394561,8.42672310597193,0.770869491275479,8.15284943665476,13.976551086499,0.495921369705763,"35065"
"301",1,"PROPHET","Test",22.4303058494099,4.43319615261537,0.669127152446729,4.48395570786599,26.5429128850612,0.630376363683977,"35071"
"302",1,"PROPHET","Test",86.6000777073506,2.91949916560381,0.467888604009646,2.95304237606739,99.6412873856397,0.835319602839381,"35072"
"303",1,"PROPHET","Test",36.3150725307978,4.39429648484982,0.579227925248508,4.31716680523546,42.8435018380904,0.80816976686946,"35073"
"304",2,"XGBOOST","Test",12.3587125142415,11.8867698837108,0.770326254275218,11.1640545046665,14.8042572596605,NA,"35074"
"305",1,"PROPHET","Test",19.6492187793006,4.69998088657607,0.529194416772732,4.71366833136214,26.2027110323737,0.539970657294279,"35081"
"306",2,"XGBOOST","Test",14.6607449849447,10.5028979001855,0.706912231978464,10.8266649858856,17.9936621034722,NA,"35082"
"307",1,"PROPHET","Test",9.80794412190049,9.62415466773721,0.746962631800369,9.53004441724731,13.6815302754318,0.0965736886920441,"35083"
"308",1,"PROPHET","Test",8.97005081329689,9.47471079886531,0.65914111407613,9.15573324639107,11.4049344013357,0.482689989667612,"35091"
"309",1,"PROPHET","Test",14.4711000865202,7.75760140090672,0.788709246421717,7.21932547038118,21.4557812274624,0.373123190792431,"35092"
"310",1,"PROPHET","Test",15.7318014363673,4.53091027015033,0.723662866072894,4.35826507056845,22.1826966868689,0.634975464084975,"35093"
"311",1,"PROPHET","Test",12.9156805427519,6.10017780187344,0.577939012613413,5.88296225263338,15.381478135491,0.715534467897685,"35094"
"312",2,"XGBOOST","Test",10.6632614135742,9.54182572443044,0.696747194636952,9.60534437485022,15.16485478018,NA,"35095"
"313",1,"PROPHET","Test",26.8939269526316,9.89904533256739,0.778063295484938,9.22729083911659,32.5596258939004,0.641538832025954,"35101"
"314",1,"PROPHET","Test",22.5411099976358,7.00239844889246,0.954779981483651,6.71519116423428,27.9685372914967,0.375491163058261,"35102"
"315",1,"PROPHET","Test",25.6644438955771,4.51991382729697,0.561638639008823,4.50436672047777,32.8031319949839,0.565225671181885,"35103"
"316",1,"PROPHET","Test",18.2220072023216,8.77635441432436,0.726353839953893,8.08225847620534,24.9630348537136,0.430119078305926,"35104"
"317",1,"PROPHET","Test",7.84420938144181,6.95175949369779,0.710302424303786,6.92857875697875,11.3692551533232,0.337240635271291,"35111"
"318",1,"PROPHET","Test",19.7772652407031,5.59776567233801,0.657336850485796,5.51301302938237,25.784948603545,0.536306048188746,"35112"
"319",1,"PROPHET","Test",7.19763488636176,15.8343266827402,0.732502665426196,14.0758063241834,9.10597967213098,0.264170124957514,"35113"
"320",1,"PROPHET","Test",10.0149721060831,17.1667138835063,1.0470198110905,15.1268671978516,12.3779972247743,0.37317376531103,"35114"
"321",2,"XGBOOST","Test",7.90720240275065,14.29555505172,0.857856864449363,13.7445132325683,9.27463594547464,NA,"35115"
"322",1,"PROPHET","Test",24.0963665228198,9.2352422365864,1.01691088077955,8.62952367786808,29.5780081420713,0.738360540404982,"35121"
"323",1,"PROPHET","Test",25.8567791988366,7.19385455170611,0.693130444724057,6.8301595738163,32.2119804784981,0.627120982707051,"35131"
"324",1,"PROPHET","Test",33.9013183947142,4.19711788151135,0.589811136973091,4.17271384742483,44.0602168855431,0.664625673114653,"35132"
"325",2,"XGBOOST","Test",11.3854414621989,9.67000227027947,0.850211537761606,9.26332343832976,13.1871945317877,NA,"35133"
"326",1,"PROPHET","Test",17.4474237492469,5.99300820297165,0.696685323320622,6.04037166096989,20.5432944904527,0.531719086116396,"35141"
"327",1,"PROPHET","Test",16.9627773140307,7.30200423661661,0.806082393022119,7.14761673524912,20.4764416100504,0.357196432859894,"35142"
"328",1,"PROPHET","Test",11.6336711308346,7.04183321284917,0.863143341965145,6.80632832143896,14.3905505303455,0.467156768762489,"35143"
"329",1,"PROPHET","Test",14.5592415087772,5.94645209796022,0.68061494858105,5.79754477000702,17.2293981056487,0.610881578784766,"35151"
"330",2,"XGBOOST","Test",7.2843697865804,18.5879471215341,1.06713697510414,16.7152943166439,8.73983622209169,NA,"35152"
"331",1,"PROPHET","Test",9.41610930031588,11.713251561314,0.636972099727251,11.0254682946638,11.8524353072764,0.268768728439529,"35153"
"332",1,"PROPHET","Test",9.28753898701572,9.90710880066486,0.890055819589006,9.38724033515392,11.4334819993288,0.191083591476316,"35154"
"333",1,"PROPHET","Test",48.016385329619,7.27754640296078,1.4286893435721,6.9643803955488,52.6061893532197,0.842943779989606,"35155"
"334",1,"PROPHET","Test",13.0783215823453,14.7148693320376,0.957966230553953,13.5408061964864,14.9814952365174,0.147725656693733,"35156"
"335",1,"PROPHET","Test",10.9057645524498,6.70279671038511,0.676098611068315,6.42288116940028,13.7288054983019,0.580419462135754,"35157"
"336",1,"PROPHET","Test",32.6738827671912,6.37207359160284,0.68944890242697,6.55070041311454,38.5092917580894,0.537352460257783,"35161"
"337",2,"XGBOOST","Test",21.6783447265625,6.91673226806778,1.11047200158338,7.24567273217279,26.2516924918686,NA,"35162"
"338",1,"PROPHET","Test",57.8877210301458,3.31920646757057,0.580391274495795,3.33233677047901,71.6271389179784,0.787480114556744,"35163"
"339",1,"PROPHET","Test",38.41507563968,3.79610276949839,0.556039483771328,3.73790156226493,50.5405901538645,0.691560840094112,"35171"
"340",1,"PROPHET","Test",23.7364038808792,5.82209296859488,0.722139271508228,5.58964058335317,28.1289264695696,0.775627126394224,"35172"
"341",1,"PROPHET","Test",23.6077883161882,6.66374949562677,0.714446225358327,6.27533348224888,31.4830263225039,0.623316100729935,"35173"
"342",1,"PROPHET","Test",25.5368812282852,4.4135324799054,0.562055759091445,4.32993708224789,29.3644273099138,0.769551105535825,"35174"
"343",1,"PROPHET","Test",25.6263309144394,8.447214634008,0.85794120965372,7.90178306180773,31.8220870468488,0.628708354456108,"41001"
"344",1,"PROPHET","Test",102.118328336187,3.02575418502904,0.536973377167879,3.05865335059967,113.422530304063,0.815073752554612,"41002"
"345",1,"PROPHET","Test",23.7917947183195,3.37051922835172,0.541793345070642,3.36330793138778,29.8180544331543,0.714341375369786,"41003"
"346",1,"PROPHET","Test",10.6836543594822,6.24777878363024,0.476209399744361,6.02912229802877,14.1757625468638,0.224486813216558,"41004"
"347",1,"PROPHET","Test",29.2973737907673,5.68190723916872,0.686191035832636,5.46203634949331,35.3279357661048,0.564478320335875,"41005"
"348",2,"XGBOOST","Test",13.3012568155924,7.4687364035562,0.831328550974528,7.49240067396498,16.4190336233002,NA,"41006"
"349",1,"PROPHET","Test",20.0212277814921,6.24282437318273,0.732095769434529,5.94784928867554,27.1829016228314,0.180185998402835,"41007"
"350",1,"PROPHET","Test",16.7398788645565,4.24516511222373,0.587812540282138,4.19078581547821,21.4548262602366,0.640959696028891,"41008"
"351",1,"PROPHET","Test",26.5573846790799,5.4187877915614,0.598256461918548,5.20092166099464,34.111149643391,0.70863518941698,"41009"
"352",1,"PROPHET","Test",34.0282163616111,5.48950455033338,0.602501136502737,5.28421159706197,40.4207618141777,0.737893961005602,"41010"
"353",1,"PROPHET","Test",22.3950921960403,7.02094024935979,0.808614003938661,6.72728418518894,25.9322195324989,0.539797935291595,"41011"
"354",2,"XGBOOST","Test",25.5160827636719,8.4774042414413,0.996383537460871,8.71433231388782,31.6209146171907,NA,"41012"
"355",1,"PROPHET","Test",8.00630656677855,5.51580073725526,0.611777578192381,5.30886099774858,10.2176615058383,0.661658939358056,"41013"
"356",1,"PROPHET","Test",16.9838950352451,6.44772865304528,0.731516078297072,6.26523105242788,20.2539395480517,0.638348697234681,"41014"
"357",1,"PROPHET","Test",41.1542738581904,4.96889980560816,0.537201077604074,4.86175334247028,50.4573709250815,0.560992486115046,"41015"
"358",1,"PROPHET","Test",21.3590197996766,5.79930113855332,0.581369769695338,5.75348092082813,25.170584387805,0.347639710911983,"41016"
"359",1,"PROPHET","Test",48.0729659053565,5.22316974841031,0.7836131933545,5.43864662823877,61.4311426132496,0.6386219014908,"41017"
"360",1,"PROPHET","Test",12.8062611191046,6.33529059399116,0.704650731433987,6.38354673560068,17.7000720869404,0.316566400215415,"41018"
"361",1,"PROPHET","Test",22.7811190411943,7.74702432350919,0.6657760329701,7.45005111892788,26.2648623990136,0.621370051235653,"41019"
"362",1,"PROPHET","Test",21.7525370336675,4.79883211054067,0.650596036117493,4.76780310244422,25.0936422750963,0.57476946880579,"41020"
"363",1,"PROPHET","Test",15.0186167593157,7.59320571754725,0.656707576928252,7.30697426375498,18.430890032922,0.466105666048471,"41021"
"364",1,"PROPHET","Test",13.255998294673,10.0327612113403,0.704129239670853,9.97167281448629,16.2580721355728,0.137671454814217,"41022"
"365",1,"PROPHET","Test",15.9786607144229,6.58466992697828,0.66457359210077,6.38750299910468,19.192768252335,0.441434653285235,"42001"
"366",1,"PROPHET","Test",25.9435192819083,5.84718438723179,1.00794078291198,5.53979540563653,35.0994475959714,0.442898182967469,"42002"
"367",2,"XGBOOST","Test",20.2907358805339,8.11955859258605,1.18448458185858,8.44721447988337,23.9711869514245,NA,"42003"
"368",1,"PROPHET","Test",16.6310687424342,4.93950213897425,0.681844173040975,4.87717012354548,20.4804093349084,0.579709343845268,"42004"
"369",1,"PROPHET","Test",37.6725200827998,4.13885080274761,0.67481928497227,4.05685752361815,46.4846828999728,0.629932850960295,"42005"
"370",1,"PROPHET","Test",37.3397886869693,4.63692692789834,0.608226019688593,4.49548218251018,46.050304567002,0.744660674201363,"42006"
"371",1,"PROPHET","Test",43.2568011424688,3.24442491880334,0.527521965152058,3.24466527494266,55.4023192534374,0.663555321562236,"42007"
"372",1,"PROPHET","Test",17.3221545365045,8.1507416880238,0.883391473036816,7.86564742816939,20.7201783298521,0.0638745713315613,"42008"
"373",1,"PROPHET","Test",18.3790156223625,5.29655223057935,0.680704282309721,5.22362289881212,22.2329435034529,0.297032903006522,"42009"
"374",2,"XGBOOST","Test",15.4028116861979,9.19145100966482,0.755361767126977,9.28567574993769,19.5338737389649,NA,"42010"
"375",1,"PROPHET","Test",35.1318152567626,4.60324951652778,0.61260936384044,4.50626699240538,42.9143094639162,0.669764519241781,"42011"
"376",1,"PROPHET","Test",23.0185602206299,5.94759662030897,0.804600129292536,5.78553667419384,29.0997464335945,0.480613685276478,"42012"
"377",2,"XGBOOST","Test",18.2064056396484,5.70570878262841,1.03139736382245,5.8438465028463,21.4352568868488,NA,"42013"
"378",1,"PROPHET","Test",16.1136425861051,7.50942909191254,0.623928921684204,7.17583255546612,20.2891222159349,0.450797599506296,"42014"
"379",1,"PROPHET","Test",23.0661673084194,4.94010566330317,0.599459715360052,4.92635987902468,27.3090160701746,0.835190637291299,"42015"
"380",1,"PROPHET","Test",18.7572476284081,4.84474794566997,0.669901701014574,4.70363619783206,22.2368934331475,0.668284606856527,"42016"
"381",1,"PROPHET","Test",15.6775045622499,4.52230146918173,0.808481176977013,4.44265883190901,20.3536510223465,0.756916591378439,"42017"
"382",1,"PROPHET","Test",24.0141176786725,6.50962004657913,0.773564014859197,6.2311246196235,29.3614613008659,0.607135082748312,"43001"
"383",1,"PROPHET","Test",5.16886213790506,5.49271108006812,0.54785174733556,5.56133347409062,7.1764655302921,0.450385270997547,"43002"
"384",1,"PROPHET","Test",26.7538769039635,6.40691180975983,0.930921586673466,6.13056423729919,31.9770970770391,0.636319125547467,"43003"
"385",2,"XGBOOST","Test",20.527640024821,10.6295683415964,1.09290676058075,11.4073829315094,25.4790765465593,NA,"43004"
"386",2,"XGBOOST","Test",16.5833333333333,7.56830904153914,1.31522988505747,7.44184944909306,19.2506757936878,NA,"43005"
"387",1,"PROPHET","Test",15.4193448928389,6.64877117553149,0.548137453686701,6.62274789642285,18.9971522122802,0.500959618432439,"43006"
"388",1,"PROPHET","Test",36.0314618106297,4.92591014901285,0.679281657085641,4.89957784080119,40.7186538290409,0.636644026896451,"43007"
"389",1,"PROPHET","Test",29.0118031359373,4.06476784932005,0.728462305815021,4.00047235115926,37.0595688950409,0.662967300654098,"43008"
"390",1,"PROPHET","Test",20.2981223942322,6.13542465580704,0.665038198101626,6.01881562992647,23.2090226107906,0.510964132841738,"43009"
"391",1,"PROPHET","Test",74.3472974865601,4.01453712301779,0.66874768955451,4.10385161822873,90.6230435196399,0.780533842834032,"43010"
"392",2,"XGBOOST","Test",21.5955607096354,8.12970995973483,0.903087084221117,8.2462810968695,26.1923043134289,NA,"43011"
"393",1,"PROPHET","Test",8.4920776449133,7.39150207872069,0.527885907656773,7.11234813797872,10.1980184386413,0.520637387464582,"43012"
"394",1,"PROPHET","Test",16.864239140171,8.20178322325314,0.596734615729129,7.99048716066919,20.4759682340394,0.362578282478133,"43013"
"395",1,"PROPHET","Test",13.7573577834103,6.75251029133135,0.621648779996927,6.4898467903287,16.204786663496,0.716963207015164,"43014"
"396",1,"PROPHET","Test",17.0507574687188,9.15669864473733,0.762971637705317,8.68032802059213,21.824232665725,0.233951012371755,"43015"
"397",1,"PROPHET","Test",13.9349116558847,6.68191348536212,0.615168844693568,6.51092980843031,17.8116638796205,0.376112025341973,"43016"
"398",1,"PROPHET","Test",20.2174390452721,4.77057014603462,0.658641781928126,4.66891971746209,23.1317266100694,0.470924693462118,"43017"
"399",1,"PROPHET","Test",9.54015215665828,7.84181128665512,0.884772175819114,7.5173102341807,12.0670157015775,0.0464884038655541,"43018"
"400",1,"PROPHET","Test",9.02424385024903,9.03299973564546,0.654755862951822,8.83605121475691,10.8862347625944,0.238589711301194,"43019"
"401",1,"PROPHET","Test",12.8311492222541,7.43502115777683,0.850479631446239,7.36754977669522,14.9363630883096,0.32100636407,"43020"
"402",1,"PROPHET","Test",24.1088726442964,3.53459301559978,0.484706355610854,3.48592000234329,29.8213421428914,0.711645574026733,"43021"
"403",1,"PROPHET","Test",16.3564237470125,10.1154490168081,0.895708919479256,9.53767066971776,20.0724527932493,0.2069832941495,"43022"
"404",1,"PROPHET","Test",20.9397485140888,3.70561639039858,0.689991713214961,3.73735465101509,27.0538652283939,0.399675580854605,"43023"
"405",2,"XGBOOST","Test",10.5298487345378,10.1148218052619,0.846806017113176,9.5225608436766,12.6074427110676,NA,"43024"
"406",1,"PROPHET","Test",16.5707236500165,5.75793725419275,0.769952816061372,5.60912828874912,19.7457170004691,0.367382137139601,"43025"
"407",1,"PROPHET","Test",10.1024901403642,6.04042166883774,0.988754354163306,5.82916596999354,12.1332958484754,0.334562834825047,"43026"
"408",2,"XGBOOST","Test",16.1308441162109,10.9855308616328,0.877090814829436,9.94665785475029,21.7258715542483,NA,"43027"
"409",1,"PROPHET","Test",13.176256312841,4.39723900805125,0.655960812111131,4.41937892381673,15.7381647364048,0.542741373865249,"43028"
"410",1,"PROPHET","Test",15.0800048338264,7.38485338045054,0.804733436607903,6.95887859261091,19.475401173931,0.44201177355985,"43029"
"411",1,"PROPHET","Test",9.76853418787552,8.6622647456257,0.620652724644025,8.22031164169594,12.3981586829972,0.436406018646148,"43030"
"412",1,"PROPHET","Test",60.8822405476482,3.53941876459639,0.639694624301466,3.45507370554216,80.903900274325,0.708328897579976,"50001"
"413",1,"PROPHET","Test",14.4663519945638,8.44709057250545,0.805632193401859,8.07802161711552,17.7747252350122,0.628480044525602,"50002"
"414",1,"PROPHET","Test",66.80957564275,6.34600347109268,0.771395702702435,6.06671930898146,79.9553228209157,0.619538626960582,"50003"
"415",1,"PROPHET","Test",21.0080541144644,6.52167379530364,0.625887622581194,6.20775996520089,28.5578498331863,0.444937703577933,"50004"
"416",1,"PROPHET","Test",13.4265878346696,8.90063944051371,0.800029845070985,9.27736234184903,15.4498689129391,0.162883601842403,"51001"
"417",1,"PROPHET","Test",59.5867057175372,4.80423422178315,0.65857483493674,4.66178791487382,78.4294623416387,0.521215495447891,"51002"
"418",1,"PROPHET","Test",10.9014652416757,8.2921860292364,0.665076128802496,8.40607115019299,13.972438836034,0.17012520434503,"51003"
"419",1,"PROPHET","Test",8.44901380425412,8.12204851229533,0.649924138788779,7.77804198671726,11.1556729892162,0.158499740348978,"51004"
"420",2,"XGBOOST","Test",16.3812967936198,9.33826934396875,1.05242968227166,8.68180417156023,21.4992876344551,NA,"51005"
"421",1,"PROPHET","Test",15.036627775802,9.03615583597883,0.625393198631908,8.60465599919851,19.3480806599206,0.371203777170926,"51006"
"422",2,"XGBOOST","Test",18.9725290934245,5.52581430075547,0.922554268813452,5.42475521959935,22.8398284769817,NA,"51007"
"423",2,"XGBOOST","Test",11.4010874430339,6.06778752349009,0.80933645428944,5.95829887097779,14.1087573812831,NA,"51008"
"424",1,"PROPHET","Test",4.24634681438615,15.4760018363594,0.728850572618518,15.3131358310622,5.17351030143709,0.101022119132174,"51009"
"425",2,"XGBOOST","Test",8.42331059773763,8.6639756449141,0.745139014415252,8.9689204395986,10.9793188925011,NA,"51010"
"426",2,"XGBOOST","Test",17,7.42875698566259,0.900921658986175,7.50850036511568,21.1955982580758,NA,"51011"
"427",1,"PROPHET","Test",9.35121670392577,5.58223203571648,0.609286074193464,5.50984087245301,11.1787036165586,0.269191045062261,"51012"
"428",1,"PROPHET","Test",34.1483750162122,4.97220717018082,0.715312044966194,4.8545082677653,44.1877415934271,0.457589409166884,"51013"
"429",1,"PROPHET","Test",30.671537736439,3.77443125535445,0.658064708897479,3.77689155606269,39.4567165929906,0.407093572964813,"51014"
"430",1,"PROPHET","Test",12.8000849744611,8.39811386718721,0.687855033674309,8.06414172964982,16.9970553344124,0.0667119591535837,"51015"
"431",1,"PROPHET","Test",12.6576695284556,15.0584465396931,1.43412019287921,16.5470590223998,14.7469322929344,3.16535136519008e-05,"51016"
"432",1,"PROPHET","Test",90.3429197183041,4.48606056620809,0.983848084053501,4.56658741975041,106.687272970353,0.461287280930581,"52001"
"433",1,"PROPHET","Test",56.1293568809805,5.56958894994009,1.03443526303089,5.49543140558344,68.648005969436,0.184601732913815,"52002"
"434",1,"PROPHET","Test",14.1512395305784,4.81505405279013,0.559241424747944,4.65867775841257,18.1225303124491,0.570976691925149,"52003"
"435",1,"PROPHET","Test",37.0111306807762,3.45832417604919,0.53538113563387,3.5020118487674,46.7473104159498,0.48278479740027,"52004"
"436",1,"PROPHET","Test",15.2356610871481,4.67510807514516,0.858873051481388,4.63592704269156,19.0226849697271,0.426275949273407,"52005"
"437",2,"XGBOOST","Test",4.83025169372559,8.67499632862275,0.634833079746791,8.72090773865784,5.98234705074872,NA,"52006"
"438",1,"PROPHET","Test",9.05677800381456,8.15702797347184,0.580239259297312,7.97521407435575,10.7641587824912,0.304438652723383,"52007"
"439",1,"PROPHET","Test",11.5761365124994,8.50439705217308,0.573817111610964,8.28691364529456,13.4166921080661,0.393139353565305,"52008"
"440",2,"XGBOOST","Test",11.2570012410482,11.2279145058868,0.880649756952749,10.774088250733,13.8571418201961,NA,"52009"
"441",1,"PROPHET","Test",10.7274902383872,9.78262997539768,0.719336080125088,9.02285465965269,13.9687742037135,0.218847806138822,"52010"
"442",1,"PROPHET","Test",20.8410356794264,3.26454005435488,0.610629070862174,3.34392631515651,27.7633577668562,0.58800280543991,"52011"
"443",1,"PROPHET","Test",18.6691243937164,9.48118832158562,0.615171720709852,9.19445122254135,22.5734374325267,0.33741449264319,"52012"
"444",2,"XGBOOST","Test",15.1822357177734,9.01067802389251,0.678041595162697,9.52954382426776,20.9822152104809,NA,"52013"
"445",1,"PROPHET","Test",10.5986275151982,8.51181956911068,0.650049154265491,8.52956458433171,13.6545461869423,0.219766105527536,"52014"
"446",1,"PROPHET","Test",28.2379506150355,5.8539351711521,0.634870834942148,5.7694092944765,34.5047721353367,0.292949057203314,"52015"
"447",1,"PROPHET","Test",12.8983645412859,4.82332116705955,0.639358587175808,4.73259835944126,16.5684499432599,0.316875396247617,"52016"
"448",2,"XGBOOST","Test",18.9744237263997,7.73568327003872,0.818783763052897,7.64115219102883,23.8049803254249,NA,"52017"
"449",1,"PROPHET","Test",11.4892896346676,6.1088559827594,0.649271895816597,5.9245523544451,14.1023491306672,0.483680305045405,"52018"
"450",1,"PROPHET","Test",87.5996578566926,2.98464053327465,0.620317774231505,2.91501868570696,122.987482105755,0.579504274792034,"53001"
